,chapter_nonstop
.,1196
",",861
"""",816
"
",807
"

",528
said,164
!,98
?,75
;,67
"
      ",58
little,58
boy,52
king,51
mother,48
man,44
],39
time,38
came,37
great,37
men,36
[,36
:,34
Mr.,33
saw,33
good,32
-,32
"



",32
_,28
day,28
like,27
looked,27
asked,27
know,27
horse,26
read,26
soldiers,25
called,25
"




",25
old,24
answered,23
went,23
word,22
picture,22
heard,22
years,22
wolf,22
caliph,22
school,21
famous,21
country,21
away,20
Benjamin,20
took,19
place,19
Footnote,19
father,19
began,18
home,17
learn,17
birds,17
"

      ",17
Illustration,17
people,16
lived,16
soon,16
book,16
Cyrus,15
children,15
gave,15
wise,15
master,15
thought,15
shall,15
long,15
shepherd,14
ready,14
ride,14
grandfather,14
wished,14
way,14
think,14
Oh,14
cried,14
far,14
King,14
teacher,13
poet,13
loved,13
O,13
eyes,13
tell,13
Yes,13
Henry,13
young,13
boys,13
Dean,13
beautiful,13
lambs,13
hand,12
going,12
),12
things,12
pictures,12
knew,12
door,12
(,12
Putnam,12
come,12
sheep,12
near,12
best,12
ago,11
morning,11
rode,11
Boston,11
help,11
world,11
lad,11
quickly,10
let,10
whistle,10
brave,10
battle,10
pro,10
city,10
night,10
wonderful,10
baby,10
child,10
mind,10
Al,10
hands,10
hear,10
books,10
house,10
Revere,10
Paul,10
grow,10
Alfred,9
learned,9
tried,9
Daniel,9
turned,9
true,9
want,9
grew,9
sir,9
ran,9
flowers,9
stood,9
held,9
Edward,9
room,9
feast,9
lost,9
half,9
face,9
written,9
speak,9
British,9
"


",9
afraid,9
write,9
Exeter,9
care,9
Jefferson,9
answer,8
till,8
dear,8
Gilbert,8
England,8
seen,8
George,8
friends,8
poor,8
showed,8
wish,8
Lucy,8
grass,8
ground,8
mud,8
cave,8
shoes,8
president,8
captain,8
Lincoln,7
Hogg,7
clock,7
smiled,7
stopped,7
stranger,7
Zeuxis,7
standing,7
Billy,7
rich,7
James,7
words,7
painted,7
small,7
Jones,7
',7
Webster,7
sure,7
Read,7
whispered,7
slate,7
hour,7
Finney,7
turnip,7
road,7
proud,7
manners,7
find,7
strong,7
known,7
--,7
coming,7
tall,7
Astyages,7
fine,7
minister,7
sister,7
hurried,6
honor,6
thing,6
pleased,6
Little,6
right,6
painter,6
Boyle,6
bright,6
free,6
hard,6
river,6
Andrew,6
girl,6
Concord,6
draw,6
Mother,6
cupbearer,6
Sirrah,6
war,6
fly,6
sent,6
riding,6
Longfellow,6
trouble,6
told,6
beast,6
round,6
noble,6
shoe,6
flock,6
flew,6
teach,6
hills,6
pretty,6
field,6
queen,6
wisdom,6
gold,6
tree,6
Richard,6
fight,6
nearly,6
gun,6
better,6
trees,6
brought,6
look,5
watched,5
lesson,5
given,5
glad,5
bowed,5
feel,5
farmers,5
cry,5
pennies,5
bushes,5
landlord,5
wrote,5
Farra,5
waited,5
bees,5
woods,5
sat,5
pieces,5
princes,5
nest,5
Franklin,5
seven,5
remembered,5
floor,5
Wolf,5
buy,5
head,5
farmer,5
street,5
wondered,5
big,5
everybody,5
frightened,5
safe,5
lawyer,5
try,5
hotel,5
killed,5
Solomon,5
watch,5
prince,5
happened,5
reading,5
gray,5
Jackson,5
sitting,5
filled,5
Let,5
Tommy,5
close,5
officers,5
dressed,5
open,5
carried,5
whisper,5
Persia,5
new,5
general,5
Raschid,5
awkward,5
town,5
end,5
becos,5
greatest,5
Washington,5
surprised,5
Giotto,5
walked,5
gentleman,5
II,5
stand,5
light,5
Cimabue,5
friend,5
servant,5
Swift,5
wreaths,4
hurt,4
rain,4
learning,4
beginning,4
dark,4
stay,4
ate,4
de,4
Phrygian,4
al,4
bird,4
spring,4
honored,4
understand,4
bought,4
neighbor,4
sidesaddle,4
drive,4
Queen,4
composition,4
wisest,4
plan,4
nag,4
lady,4
barn,4
verse,4
horseback,4
Becos,4
William,4
rabbit,4
opened,4
Egypt,4
saying,4
funny,4
monk,4
lips,4
pay,4
angry,4
girls,4
older,4
makes,4
thee,4
comes,4
fire,4
story,4
Martin,4
threw,4
tears,4
met,4
Speed,4
shouted,4
slowly,4
laughed,4
brothers,4
Elihu,4
hardly,4
felt,4
wet,4
waiting,4
whispering,4
Sir,4
money,4
game,4
hearing,4
miles,4
powder,4
forgot,4
pathway,4
thy,4
rose,4
defend,4
bad,4
love,4
play,4
guests,4
feet,4
looking,4
straight,4
sailor,4
nails,4
danger,4
grown,4
work,4
Suddenly,4
minute,4
Media,4
leaped,4
vice,4
wine,4
punished,4
kind,4
rope,4
John,4
Farmer,4
covered,4
fighting,4
horses,4
rule,4
tracks,4
common,4
white,4
spoke,4
plainly,4
loudly,4
gently,4
agreed,4
careful,4
fast,4
cannon,4
Good,4
arms,4
left,4
meet,4
Men,4
foolish,4
moment,4
Whiz,4
minutes,4
red,4
pulled,4
verses,4
struck,4
ball,4
believe,3
women,3
roads,3
Florence,3
water,3
black,3
remember,3
poems,3
admired,3
pleasant,3
paint,3
dinner,3
deep,3
BOY,3
haired,3
rough,3
dog,3
Sarcas,3
loveth,3
green,3
carry,3
alarm,3
hunt,3
States,3
ship,3
North,3
fetch,3
Church,3
rocks,3
village,3
Charlestown,3
tower,3
tired,3
Soon,3
questions,3
present,3
afterward,3
wind,3
use,3
sea,3
primer,3
smooth,3
jerk,3
darkness,3
inside,3
quick,3
feared,3
precious,3
drawing,3
soft,3
nail,3
Italy,3
wo,3
Haroun,3
clothing,3
languages,3
beaten,3
noticed,3
scholars,3
BECOS,3
eat,3
strange,3
bread,3
lawyers,3
rock,3
poison,3
asking,3
Egyptians,3
Psammeticus,3
board,3
evening,3
American,3
found,3
college,3
fall,3
Water,3
finished,3
thrashing,3
Everybody,3
shelter,3
outside,3
raging,3
balls,3
wishes,3
lacked,3
bank,3
rest,3
shadow,3
West,3
alarmed,3
drawn,3
invited,3
blacksmith,3
United,3
prisoner,3
dismissed,3
skill,3
narrow,3
coat,3
Mansur,3
ruler,3
groom,3
food,3
poem,3
muddy,3
footsteps,3
poets,3
garden,3
Brown,3
fellows,3
Samuel,3
flying,3
piece,3
fallen,3
forest,3
forward,3
Hardin,3
Revolutionary,3
Planters,3
sprang,3
ask,3
War,3
high,3
parlor,3
bring,3
eagerly,3
spend,3
lay,3
Israel,3
warm,3
curtain,3
bespattered,3
wonder,3
family,3
Lexington,3
gone,3
window,3
softly,3
sharp,3
forget,3
Thomas,3
Abraham,3
history,3
hope,3
Children,3
traveler,3
schoolhouse,3
Ethelred,3
kept,3
making,3
forgotten,3
paper,3
says,3
neck,3
order,3
shook,3
mouth,3
Parrhasius,3
Ethelbald,3
WOLF,3
Ettrick,3
Lafayette,3
cherries,3
ashamed,3
Scotland,3
colt,3
helped,3
speech,3
growl,3
fourth,3
ones,3
Ah,3
second,3
Eth'el,3
life,3
certainly,2
smith,2
noblest,2
musicians,2
walk,2
shaped,2
Andy,2
yes,2
flat,2
taking,2
keeping,2
boots,2
offered,2
palace,2
Shall,2
puzzle,2
boast,2
savage,2
clean,2
jumped,2
sail,2
treated,2
dim,2
returned,2
closely,2
bear,2
study,2
sad,2
kings,2
heavy,2
running,2
visit,2
nearer,2
thrown,2
sleep,2
chest,2
animal,2
determined,2
boat,2
sword,2
choke,2
throne,2
played,2
kingdom,2
aside,2
prepared,2
Sheba,2
breathing,2
bite,2
interested,2
PAINTER,2
singing,2
LESSON,2
academy,2
changed,2
Phrygians,2
hair,2
thinking,2
brown,2
rebel,2
hungry,2
presents,2
deceived,2
meant,2
leaves,2
reddish,2
carrying,2
later,2
mamma,2
scratch,2
darker,2
joy,2
pet,2
charcoal,2
serve,2
ticking,2
Instead,2
stones,2
pencil,2
reason,2
knowledge,2
handed,2
Away,2
space,2
stop,2
Open,2
liberty,2
caught,2
sweet,2
looks,2
hold,2
leave,2
thousand,2
quietly,2
Marquis,2
ought,2
rooms,2
followed,2
strike,2
voice,2
turn,2
painting,2
soldier,2
grand,2
mount,2
stepped,2
cross,2
behave,2
hang,2
flashed,2
stir,2
start,2
getting,2
escape,2
kissed,2
suddenly,2
obey,2
hill,2
drew,2
Charleston,2
fun,2
death,2
farm,2
brush,2
David,2
winter,2
lives,2
suppose,2
real,2
scout,2
walking,2
Bondone,2
faced,2
enjoy,2
artist,2
shoeing,2
backwoods,2
Carolina,2
South,2
crept,2
crawled,2
wrong,2
dared,2
carefully,2
said:--,2
GREAT,2
fired,2
days,2
low,2
midnight,2
corner,2
weeks,2
YOUNG,2
trying,2
skillful,2
Tanner,2
thoughts,2
failure,2
sending,2
homes,2
tells,2
sought,2
lantern,2
lighted,2
south,2
officer,2
safety,2
READ,2
foot,2
stooped,2
pastures,2
cup,2
sons,2
Ethelbert,2
shepherds,2
SHEPHERD,2
dignity,2
deal,2
saddle,2
mistake,2
whiz,2
boom,2
sound,2
blew,2
blowing,2
letters,2
taken,2
air,2
beating,2
volume,2
asleep,2
lies,2
slept,2
statesman,2
bell,2
elected,2
STORY,2
poetry,2
spent,2
flocks,2
act,2
scholar,2
large,2
Poison,2
means,2
send,2
parents,2
sun,2
fields,2
haste,2
Long,2
Burritt,2
managed,2
lamb,2
divided,2
brother,2
lea,2
fourteen,2
kindly,2
pocket,2
taught,2
chose,2
subject,2
choose,2
orator,2
School,2
pronounced,2
compositions,2
morrow,2
figure,2
wait,2
bigger,2
smiling,2
spoiling,2
begin,2
surely,2
Joe,2
Neighbor,2
Said,2
fed,2
powerful,2
"


      ",2
tale,2
Great,2
gracefully,2
Harris,2
waste,2
Come,2
hurry,2
portion,2
toy,2
arm,2
fellow,2
foolishly,2
blue,2
Hour,2
soil,2
Blacksmith,2
odd,2
harm,2
mile,2
wife,2
table,2
able,2
boiled,2
fingers,2
short,2
Brother,2
Felix,2
taller,2
Till,2
o'er,2
roan,2
punishment,2
recited,2
Listen,2
oil,2
dismissal,2
stith,2
Johnson,2
favor,2
fluttering,2
matter,2
Mary,2
heads,2
reach,2
lying,2
talking,2
happy,2
laughing,2
cheep,2
prize,2
Bagdad,2
got,2
CALIPH,2
wonderfully,2
duties,2
forbidden,2
ordered,2
chirped,2
bed,2
cold,2
broad,2
Dan,2
ugly,2
drink,2
hero,2
court,2
seat,2
listen,2
proved,2
storm,2
desk,2
nations,2
joined,2
sees,2
succeeded,2
oldest,2
believed,2
passed,2
robins,2
cresses,1
politely,1
quarrel,1
offer,1
offended,1
compliments,1
discourage,1
finest,1
messenger,1
boo'a,1
bringing,1
accept,1
foods,1
agree,1
thank,1
Flor'ence,1
contended,1
expense,1
giving,1
delight,1
ma,1
block,1
displeased,1
knocked,1
Cimabue.[Footnote,1
oh,1
fell,1
meat,1
PAINTERS,1
invite,1
dancing,1
music,1
kinds,1
laden,1
zuke'sis,1
tossed,1
mistaken,1
tables,1
roughly,1
planned,1
gifts,1
quail,1
rank,1
handsome,1
neglect,1
respect,1
reward,1
conduct,1
honoring,1
servants,1
careless,1
praised,1
step,1
message,1
deliver,1
eats,1
Night,1
nose,1
claimed,1
stern,1
feasts,1
remained,1
complained,1
declared,1
partake,1
trembling,1
beneath,1
places,1
expected,1
dancers,1
uniforms,1
share,1
shilling,1
favorite,1
neglected,1
SONS,1
rolling,1
cheeks,1
grief,1
lands,1
taste,1
pour,1
custom,1
Mamoun,1
Tom,1
run,1
shore,1
Send,1
Mam'oun,1
peace,1
SEA,1
represented,1
countrymen,1
Father,1
Country,1
important,1
handing,1
commonly,1
willing,1
drinking,1
letter,1
dance,1
begins,1
headstrong,1
sing,1
talk,1
persuade,1
trading,1
merely,1
drunk,1
faces,1
drinks,1
landing,1
settled,1
queerly,1
admiral,1
quench,1
glee,1
thirst,1
doorstep,1
GOING,1
pride,1
slighted,1
pasturing,1
uniform,1
BON,1
polite,1
do'na,1
employed,1
hours,1
appear,1
belong,1
III,1
Tomorrow,1
works,1
live,1
uncle,1
tomorrow,1
waits,1
wear,1
thinks,1
purse,1
overbearing,1
truly,1
beamed,1
jot'to,1
grace,1
hint,1
honest,1
Travels,1
sparkling,1
Near,1
Gulliver,1
subjects,1
bravo,1
grazing,1
charred,1
stick,1
writer,1
napkin,1
Jonathan,1
Bravo,1
bent,1
served,1
astonishment,1
perfect,1
tip,1
daintily,1
startled,1
hearts,1
glory,1
fruit,1
uneasy,1
whisperer,1
leaned,1
proudly,1
coats,1
battles,1
lean,1
receive,1
Americans,1
possible,1
thirteen,1
coated,1
leg,1
mounted,1
SCOUT,1
pleasure,1
 ,1
Miller,1
Green,1
vexed,1
duty,1
bold,1
surrounded,1
trifled,1
report,1
names,1
camp,1
disgrace,1
sorry,1
sternly,1
astonished,1
wake,1
touched,1
curls,1
deserve,1
dainty,1
ears,1
fat,1
busy,1
finish,1
break,1
woman,1
overjoyed,1
desks,1
trust,1
squarely,1
compared,1
unruly,1
gentle,1
shame,1
Lord,1
fault,1
visitor,1
Wests,1
Friend,1
suffer,1
gift,1
middle,1
whispers,1
growing,1
set,1
gloves,1
appointed,1
coarse,1
army,1
stuff,1
homemade,1
lastly,1
clothes,1
LAD,1
scarcely,1
gazed,1
journey,1
RODE,1
afternoon,1
SIDESADDLE,1
allowing,1
memory,1
Young,1
hoped,1
rightly,1
Early,1
succeed,1
education,1
decided,1
railroads,1
preparing,1
Tennessee,1
supreme,1
judge,1
chosen,1
blazed,1
prevent,1
haughty,1
Girls,1
demand,1
angrily,1
schoolmaster,1
Boys,1
slim,1
Englishman,1
hit,1
received,1
WHISPERERS,1
gash,1
knuckles,1
affair,1
abroad,1
Shame,1
admire,1
deserves,1
caused,1
allowed,1
manner,1
Congress,1
bashful,1
hearth,1
sobbing,1
pecked,1
unlocked,1
early,1
KNOW,1
sneer,1
riddle,1
easy,1
cunning,1
solve,1
aloud,1
page,1
cabinet,1
test,1
wreath,1
alike,1
clouds,1
joyous,1
point,1
priest,1
difference,1
trained,1
plucked,1
hawk,1
arrows,1
bow,1
artificial,1
colored,1
learns,1
power,1
blow,1
birch,1
ripe,1
jeez,1
ti'a,1
pa,1
ra'shl,1
hunger,1
endure,1
plainest,1
Draw,1
son,1
spoiled,1
basket,1
petted,1
si'rus,1
sky,1
CUPBEARER,1
obtained,1
noted,1
knight,1
wiser,1
worth,1
inquiring,1
hung,1
KING,1
BEES,1
Harrow,1
age,1
false,1
puzzled,1
stroked,1
noise,1
cost,1
Quakers,1
useful,1
pen,1
errand,1
scarce,1
Books,1
LEARNED,1
PRINCE,1
Learned,1
spare,1
cradle,1
studied,1
chin,1
worked,1
Connecticut,1
Britain,1
New,1
waken,1
save,1
lonesome,1
broke,1
cheek,1
deliberately,1
brushed,1
rod,1
times,1
Pennsylvania,1
Jerusalem,1
hunting,1
frowned,1
bit,1
simple,1
moved,1
fair,1
uneasily,1
golden,1
Look,1
climbing,1
vine,1
gathering,1
honey,1
slender,1
youngest,1
lads,1
sturdy,1
gather,1
Al'fred,1
pass,1
unnoticed,1
bert,1
bald,1
built,1
Alfred.[Footnote,1
temple,1
ticked,1
secretly,1
admirer,1
huddled,1
keeper,1
Shepherd,1
watching,1
prose,1
borrow,1
anxious,1
libraries,1
creature,1
grateful,1
animals,1
divisions,1
scattered,1
missing,1
counted,1
rushed,1
one:--,1
"


    ",1
SONG,1
nestlings,1
hay,1
cleanest,1
mow,1
mowers,1
flee,1
chirp,1
sweetest,1
pools,1
blooms,1
hawthorn,1
latest,1
sings,1
blackbird,1
trout,1
guard,1
ravine,1
meaning,1
edge,1
wronged,1
Ben,1
doer,1
thinker,1
whistles,1
dozen,1
penny,1
price,1
paid,1
bargain,1
larger,1
owned,1
younger,1
sisters,1
different,1
ETTRICK,1
business,1
belonged,1
poured,1
Morning,1
search,1
calling,1
sight,1
west,1
east,1
lightning,1
landholder,1
thunder,1
hilltop,1
eating,1
resting,1
drove,1
hundreds,1
thick,1
greenest,1
trace,1
homeward,1
met'i,1
sam,1
cattle,1
grain,1
cities,1
Nile,1
sides,1
land,1
Thousands,1
builder,1
treasurer,1
outright,1
mercy,1
is--,1
Wait,1
kus,1
histories,1
babies,1
healthy,1
supper,1
usual,1
hut,1
led,1
delighted,1
human,1
kindness,1
spoken,1
cared,1
feeding,1
valley,1
bidden,1
person,1
permit,1
groaned,1
worse,1
Worse,1
maidens,1
Ar'ab,1
Arab,1
POET,1
hay--,1
meadow,1
banter,1
nuts,1
Caliph,1
clustering,1
deepest,1
falls,1
steepest,1
hazel,1
bee,1
Arabs,1
ka'lif,1
lest,1
sayings,1
beard,1
moaned,1
patch,1
sew,1
worn,1
wealth,1
rewarded,1
fond,1
hoping,1
i'bi,1
Thal,1
Thalibi,1
pleasing,1
repeat,1
tasted,1
candy,1
stores,1
Lee,1
General,1
whizzing,1
playing,1
fifes,1
drums,1
onward,1
marched,1
company,1
marching,1
Soldiers,1
booming,1
Cannon,1
begun,1
BIRD,1
perish,1
Halt,1
picked,1
tiny,1
deed,1
Robert,1
happily,1
turmoil,1
amid,1
roaring,1
Boom,1
dashed,1
fledged,1
forks,1
lifted,1
trampled,1
leaving,1
expecting,1
mouths,1
helpless,1
Gentlemen,1
worthless,1
chirping,1
blown,1
Cheep,1
branches,1
leafy,1
Stith,1
roadside,1
feeble,1
pity,1
grove,1
passing,1
jolly,1
talked,1
dripping,1
attend,1
fuss,1
die,1
heartily,1
cuddled,1
Hello,1
thorny,1
torn,1
likely,1
ahead,1
ridden,1
climbed,1
bother,1
climb,1
higher,1
cozy,1
mate,1
crying,1
robin,1
E.,1
placed,1
jingle,1
prayeth,1
Think,1
pupil,1
Summer,1
Horse,1
liked,1
Home,1
Friday,1
Lane,1
Love,1
expect,1
COMPOSITION,1
WRITING,1
orators,1
Everett,1
I'll,1
ended,1
neat,1
Today,1
Mrs.,1
coppers,1
yellow,1
WHISTLE,1
Village,1
W.,1
sup,1
pot,1
printed,1
washed,1
Susie,1
rot,1
cellar,1
rubbed,1
newspaper,1
stammers,1
lisping,1
excuse,1
trotted,1
thanked,1
easily,1
sheet,1
curtsied,1
crossed,1
legs,1
spell,1
schoolmates,1
cover,1
clung,1
late,1
PIECE,1
SPEAKING,1
God,1
Minister,1
is:--,1
me--,1
win,1
moral,1
useless,1
dolt,1
watered,1
morn,1
bred,1
heart,1
Pray,1
praise,1
strive,1
urge,1
afraid--,1
joking,1
speaking,1
milk,1
frij'i,1
shooting,1
pull,1
advancing,1
enemies,1
Shoe,1
NAILS,1
HORSESHOE,1
fought,1
generals,1
bravest,1
stayed,1
dead,1
listened,1
loaded,1
bitten,1
raised,1
growled,1
To-,1
decide,1
bar,1
risk,1
enemy,1
foes,1
cheering,1
thither,1
hither,1
lead,1
impatient,1
iron,1
trumpets,1
hammer,1
nailed,1
fitted,1
hammered,1
horseshoes,1
knees,1
waist,1
language,1
tied,1
mischief,1
skulking,1
brook,1
ax,1
pitchfork,1
lucky,1
quivered,1
Tears,1
browse,1
calf,1
gaze,1
clasped,1
hiding,1
shaggy,1
firmly,1
toes,1
forefoot,1
trap,1
to-,1
hole,1
opening,1
hidden,1
tracked,1
parted,1
killing,1
neighbors,1
guess,1
hillside,1
distance,1
kills,1
wolves,1
monster,1
Stark,1
pressing,1
Far,1
falling,1
spurred,1
clodhopper,1
lodging,1
intended,1
Tavern,1
class,1
prided,1
countryman,1
working,1
hard-,1
haymow,1
suit,1
Mossback,1
horseman,1
Baltimore,1
weather,1
spattered,1
color,1
Dick,1
loud,1
sporting,1
partridge,1
"said,--""Here",1
lately,1
duck,1
knock,1
MANNERS,1
build,1
Wo,1
pardon,1
ladies,1
dunce,1
Sally,1
tiptop,1
exposed,1
mire,1
jolting,1
rise,1
lost;--,1
saving,1
intent,1
waved,1
galloped,1
lame,1
heavily,1
worst,1
rider,1
stumbled,1
lamed,1
stony,1
halfway,1
aid,1
horseshoe,1
Duke,1
car,1
highways,1
ease,1
saddlebags,1
pair,1
trunk,1
obliged,1
crooked,1
travel,1
Richmond,1
People,1
railroad,1
Adams,1
MISTAKE,1
LANDLORD,1
defeated,1
planted,1
breath,1
clusters,1
stirred,1
interesting,1
Nights,1
Arabian,1
caliphs,1
Aaron,1
blindness,1
melancholy,1
amuse,1
Stop,1
wept,1
choked,1
Emotion,1
delights,1
wilt,1
thou,1
stories,1
MIDNIGHT,1
RIDE,1
guarded,1
return,1
gives,1
taxes,1
slaves,1
treats,1
streets,1
laws,1
"



    ",1
unjust,1
English,1
thousands,1
ruled,1
"
                  ",1
"
    ",1
alas,1
obeyed,1
performed,1
ha,1
glittered,1
ceiling,1
walls,1
grandest,1
rash'id,1
roon,1
HUMILITY,1
decorated,1
readily,1
proving,1
race,1
Certainly,1
conclude,1
earth,1
gems,1
rare,1
lofty,1
A'bul,1
thyself,1
Live,1
glorious,1
Describe,1
makers,1
Ata'yah,1
Atayah,1
plants,1
Abul,1
midst,1
a.,1
ra'bi,1
Arabia,1
Per'sia,1
sends,1
Brave,1
peeped,1
oppress,1
La,1
Mar'quis,1
France,1
march,1
gunpowder,1
Battle,1
courthouse,1
burned,1
reached,1
discovered,1
plans,1
awake,1
roused,1
rung,1
Bells,1
fa,1
yette,1
walks,1
farther,1
drag,1
claws,1
throw,1
jump,1
pushing,1
thicker,1
pushed,1
shade,1
wilder,1
hopping,1
frisking,1
squirrel,1
deeply,1
buzzing,1
Guns,1
spread,1
repeated,1
named,1
moon,1
shouting,1
drum,1
riverside,1
Watch,1
hot,1
watchers,1
church,1
minds,1
kong'krd,1
"Concord,[Footnote",1
stored,1
Charles'town,1
camped,1
form,1
leading,1
farmhouse,1
speeding,1
axes,1
guns,1
redcoats,1
understood,1
hoofs,1
clatter,1
beds,1
spot,1
awoke,1
loose,1
Like,1
clear,1
stirrup,1
started,1
pockets,1
